"species","listID","common","endemic","deepsea","distribution","AphiaID","valid_AphiaID","worms_name","status","kingdom","phylum","class","order","family","genus","valid_name"
"Lepidisis olapa","bishop",NA,NA,NA,NA,286334,286334,"Lepidisis olapa","uncertain","Animalia","Cnidaria","Anthozoa","Scleralcyonacea","Keratoisididae","Lepidisis","Lepidisis olapa"
"Acabaria bicolor","bishop",NA,NA,NA,NA,288412,746484,"Melithaea bicolor","unaccepted","Animalia","Cnidaria","Anthozoa","Malacalcyonacea","Melithaeidae","Acabaria","Melithaea bicolor"
"Allogorgia exserta","bishop",NA,NA,NA,NA,1549755,NA,NA,"nomen dubium","Animalia","Cnidaria","Anthozoa","Malacalcyonacea","Plexauridae","Allogorgia",NA
"Euplexaura neglecta","bishop",NA,NA,NA,NA,1549807,NA,NA,"uncertain","Animalia","Cnidaria","Anthozoa","Malacalcyonacea","Euplexauridae","Euplexaura",NA
"Narella ornata","bishop",NA,NA,NA,NA,286528,286528,"Narella ornata","accepted","Animalia","Cnidaria","Anthozoa","Scleralcyonacea","Primnoidae","Narella","Narella ornata"
"Carijoa riisei","bishop",NA,NA,NA,NA,395098,395098,"Carijoa riisei","accepted","Animalia","Cnidaria","Anthozoa","Malacalcyonacea","Carijoidae","Carijoa","Carijoa riisei"
"Sinularia abrupta","bishop",NA,NA,NA,NA,209983,1608810,"Sclerophytum abruptum","superseded combination","Animalia","Cnidaria","Anthozoa","Malacalcyonacea","Sinulariidae","Sinularia","Sclerophytum abruptum"
"Sinularia molokaiensis","bishop",NA,NA,NA,NA,288555,1608912,"Sclerophytum molokaiense","superseded combination","Animalia","Cnidaria","Anthozoa","Malacalcyonacea","Sinulariidae","Sinularia","Sclerophytum molokaiense"
"Anthelia edmondsoni","bishop",NA,NA,NA,NA,1456334,517780,"Sarcothelia edmondsoni","unaccepted","Animalia","Cnidaria","Anthozoa","Malacalcyonacea","Xeniidae","Anthelia","Sarcothelia edmondsoni"
"Actiniogeton sesere","bishop",NA,NA,NA,NA,855157,290054,"Gyractis sesere","unaccepted","Animalia","Cnidaria","Anthozoa","Actiniaria","Actiniidae","Actiniogeton","Gyractis sesere"
"Anemonia mutabilis","bishop",NA,NA,NA,NA,411017,411017,"Anemonia mutabilis","accepted","Animalia","Cnidaria","Anthozoa","Actiniaria","Actiniidae","Anemonia","Anemonia mutabilis"
"Anthopleura nigrescens","bishop",NA,NA,NA,NA,283368,283368,"Anthopleura nigrescens","accepted","Animalia","Cnidaria","Anthozoa","Actiniaria","Actiniidae","Anthopleura","Anthopleura nigrescens"
"Cladactella manni","bishop",NA,NA,NA,NA,289664,289664,"Cladactella manni","accepted","Animalia","Cnidaria","Anthozoa","Actiniaria","Actiniidae","Cladactella","Cladactella manni"
"Cladactella obscura","bishop",NA,NA,NA,NA,289665,289665,"Cladactella obscura","accepted","Animalia","Cnidaria","Anthozoa","Actiniaria","Actiniidae","Cladactella","Cladactella obscura"
"Aiptasia pulchella","bishop",NA,NA,NA,NA,233893,1264073,"Exaiptasia diaphana","unaccepted","Animalia","Cnidaria","Anthozoa","Actiniaria","Aiptasiidae","Aiptasia","Exaiptasia diaphana"
"Triactis producta","bishop",NA,NA,NA,NA,220506,220506,"Triactis producta","accepted","Animalia","Cnidaria","Anthozoa","Actiniaria","Aliciidae","Triactis","Triactis producta"
"Boloceroides mcmurrichi","bishop",NA,NA,NA,NA,288925,288925,"Boloceroides mcmurrichi","accepted","Animalia","Cnidaria","Anthozoa","Actiniaria","Boloceroididae","Boloceroides","Boloceroides mcmurrichi"
"Bunodeopsis medusoides","bishop",NA,NA,NA,NA,283508,283508,"Bunodeopsis medusoides","accepted","Animalia","Cnidaria","Anthozoa","Actiniaria","Boloceroididae","Bunodeopsis","Bunodeopsis medusoides"
"Diadumene franciscana","bishop",NA,NA,NA,NA,283512,283512,"Diadumene franciscana","accepted","Animalia","Cnidaria","Anthozoa","Actiniaria","Diadumenidae","Diadumene","Diadumene franciscana"
"Diadumene leucolena","bishop",NA,NA,NA,NA,158230,158230,"Diadumene leucolena","accepted","Animalia","Cnidaria","Anthozoa","Actiniaria","Diadumenidae","Diadumene","Diadumene leucolena"
"Diadumene lineata","bishop",NA,NA,NA,NA,395099,395099,"Diadumene lineata","accepted","Animalia","Cnidaria","Anthozoa","Actiniaria","Diadumenidae","Diadumene","Diadumene lineata"
"Calliactis polypus","bishop",NA,NA,NA,NA,220515,220515,"Calliactis polypus","accepted","Animalia","Cnidaria","Anthozoa","Actiniaria","Hormathiidae","Calliactis","Calliactis polypus"
"Calliactis polypus","bishop",NA,NA,NA,NA,855515,100946,"Calliactis parasitica","unaccepted","Animalia","Cnidaria","Anthozoa","Actiniaria","Hormathiidae","Calliactis","Calliactis parasitica"
"Epiphellia humilis","bishop",NA,NA,NA,NA,855852,283679,"Telmatactis humilis","unaccepted","Animalia","Cnidaria","Anthozoa","Actiniaria","Andvakiidae","Epiphellia","Telmatactis humilis"
"Epiphellia pusilla","bishop",NA,NA,NA,NA,289910,289910,"Epiphellia pusilla","accepted","Animalia","Cnidaria","Anthozoa","Actiniaria","Andvakiidae","Epiphellia","Epiphellia pusilla"
"Telmatactis decora","bishop",NA,NA,NA,NA,283678,283678,"Telmatactis decora","accepted","Animalia","Cnidaria","Anthozoa","Actiniaria","Andvakiidae","Telmatactis","Telmatactis decora"
"Heteranthus verruculatus","bishop",NA,NA,NA,NA,290093,290093,"Heteranthus verruculatus","accepted","Animalia","Cnidaria","Anthozoa","Actiniaria","Heteranthidae","Heteranthus","Heteranthus verruculatus"
"Antheopsis papillosa","bishop",NA,NA,NA,NA,855324,289229,"Radianthus malu","unaccepted","Animalia","Cnidaria","Anthozoa","Actiniaria","Actiniidae","Antheopsis","Radianthus malu"
"Heteractis malu","bishop",NA,NA,NA,NA,290091,289229,"Radianthus malu","unaccepted","Animalia","Cnidaria","Anthozoa","Actiniaria","Heteractidae","Heteractis","Radianthus malu"
"Acropora cytherea","bishop",NA,NA,NA,NA,207095,207095,"Acropora cytherea","accepted","Animalia","Cnidaria","Anthozoa","Scleractinia","Acroporidae","Acropora","Acropora cytherea"
"Acropora echinata","bishop",NA,NA,NA,NA,207069,207069,"Acropora echinata","accepted","Animalia","Cnidaria","Anthozoa","Scleractinia","Acroporidae","Acropora","Acropora echinata"
"Acropora humilis","bishop","finger staghorn coral",0,0,"NWHI",207094,207094,"Acropora humilis","accepted","Animalia","Cnidaria","Anthozoa","Scleractinia","Acroporidae","Acropora","Acropora humilis"
"Acropora paniculata","bishop","fuzzy table coral",0,0,"NWHI",207008,207008,"Acropora paniculata","accepted","Animalia","Cnidaria","Anthozoa","Scleractinia","Acroporidae","Acropora","Acropora paniculata"
"Acropora valida","bishop","bushy staghorn coral",0,0,"NWHI",207072,207072,"Acropora valida","accepted","Animalia","Cnidaria","Anthozoa","Scleractinia","Acroporidae","Acropora","Acropora valida"
"Montipora capitata","bishop","rice coral",1,0,"STATEWIDE",287697,287697,"Montipora capitata","accepted","Animalia","Cnidaria","Anthozoa","Scleractinia","Acroporidae","Montipora","Montipora capitata"
"Montipora dilatata","bishop","irregular rice coral",1,0,"KBAY",411235,411235,"Montipora dilatata","accepted","Animalia","Cnidaria","Anthozoa","Scleractinia","Acroporidae","Montipora","Montipora dilatata"
"Montipora flabellata","bishop","blue rice coral",1,0,"STATEWIDE",207174,207174,"Montipora flabellata","accepted","Animalia","Cnidaria","Anthozoa","Scleractinia","Acroporidae","Montipora","Montipora flabellata"
"Montipora patula","bishop","sandpaper rice coral",1,0,"STATEWIDE",207149,207149,"Montipora patula","accepted","Animalia","Cnidaria","Anthozoa","Scleractinia","Acroporidae","Montipora","Montipora patula"
"Montipora studeri","bishop","branching rice coral",1,0,"STATEWIDE",411237,411237,"Montipora studeri","taxon inquirendum","Animalia","Cnidaria","Anthozoa","Scleractinia","Acroporidae","Montipora","Montipora studeri"
"Montipora tuberculosa","bishop","",0,0,"STATEWIDE",207156,207156,"Montipora tuberculosa","accepted","Animalia","Cnidaria","Anthozoa","Scleractinia","Acroporidae","Montipora","Montipora tuberculosa"
"Montipora turgescens","bishop","lumpy rice coral",0,0,"NWHI",207142,207142,"Montipora turgescens","accepted","Animalia","Cnidaria","Anthozoa","Scleractinia","Acroporidae","Montipora","Montipora turgescens"
"Montipora venosa","bishop",NA,NA,NA,NA,207139,207139,"Montipora venosa","accepted","Animalia","Cnidaria","Anthozoa","Scleractinia","Acroporidae","Montipora","Montipora venosa"
"Montipora verrilli","bishop","",1,0,"STATEWIDE",207136,207136,"Montipora verrilli","accepted","Animalia","Cnidaria","Anthozoa","Scleractinia","Acroporidae","Montipora","Montipora verrilli"
"Montipora verrucosa","bishop",NA,NA,NA,NA,207146,207146,"Montipora verrucosa","accepted","Animalia","Cnidaria","Anthozoa","Scleractinia","Acroporidae","Montipora","Montipora verrucosa"
"Gardineroseris planulata","bishop","honeycomb coral",0,0,"STATEWIDE",207274,207274,"Gardineroseris planulata","accepted","Animalia","Cnidaria","Anthozoa","Scleractinia","Agariciidae","Gardineroseris","Gardineroseris planulata"
"Leptoseris hawaiiensis","bishop","Hawaiian plate coral",1,0,"STATEWIDE",207291,207291,"Leptoseris hawaiiensis","accepted","Animalia","Cnidaria","Anthozoa","Scleractinia","Agariciidae","Leptoseris","Leptoseris hawaiiensis"
"Leptoseris incrustans","bishop","swelling coral",0,0,"STATEWIDE",207279,207279,"Leptoseris incrustans","accepted","Animalia","Cnidaria","Anthozoa","Scleractinia","Agariciidae","Leptoseris","Leptoseris incrustans"
"Leptoseris incrustans","bishop","swelling coral",0,0,"STATEWIDE",764587,207291,"Leptoseris hawaiiensis","junior subjective synonym","Animalia","Cnidaria","Anthozoa","Scleractinia","Agariciidae","Leptoseris","Leptoseris hawaiiensis"
"Leptoseris mycetoseroides","bishop",NA,NA,NA,NA,207283,207283,"Leptoseris mycetoseroides","accepted","Animalia","Cnidaria","Anthozoa","Scleractinia","Agariciidae","Leptoseris","Leptoseris mycetoseroides"
"Leptoseris papyracea","bishop","papyrus coral",0,0,"STATEWIDE",207278,207278,"Leptoseris papyracea","accepted","Animalia","Cnidaria","Anthozoa","Scleractinia","Agariciidae","Leptoseris","Leptoseris papyracea"
"Leptoseris scabra","bishop","rough plate coral",0,0,"STATEWIDE",207282,207282,"Leptoseris scabra","accepted","Animalia","Cnidaria","Anthozoa","Scleractinia","Agariciidae","Leptoseris","Leptoseris scabra"
"Leptoseris tubulifera","bishop","tube coral",0,0,"STATEWIDE",207288,207288,"Leptoseris tubulifera","accepted","Animalia","Cnidaria","Anthozoa","Scleractinia","Agariciidae","Leptoseris","Leptoseris tubulifera"
"Pavona duerdeni","bishop","flat lobe coral",1,0,"STATEWIDE",207315,207315,"Pavona duerdeni","accepted","Animalia","Cnidaria","Anthozoa","Scleractinia","Agariciidae","Pavona","Pavona duerdeni"
"Pavona maldivensis","bishop",NA,NA,NA,NA,207309,207309,"Pavona maldivensis","accepted","Animalia","Cnidaria","Anthozoa","Scleractinia","Agariciidae","Pavona","Pavona maldivensis"
"Pavona varians","bishop","corrugated coral",0,0,"STATEWIDE",207303,207303,"Pavona varians","accepted","Animalia","Cnidaria","Anthozoa","Scleractinia","Agariciidae","Pavona","Pavona varians"
"Anthemiphyllia dentata","bishop",NA,NA,NA,NA,289412,289412,"Anthemiphyllia dentata","accepted","Animalia","Cnidaria","Anthozoa","Scleractinia","Anthemiphylliidae","Anthemiphyllia","Anthemiphyllia dentata"
"Anthemiphyllia pacifica","bishop","",NA,1,"",289416,289416,"Anthemiphyllia pacifica","accepted","Animalia","Cnidaria","Anthozoa","Scleractinia","Anthemiphylliidae","Anthemiphyllia","Anthemiphyllia pacifica"
"Balanophyllia cornu","bishop",NA,NA,NA,NA,1450148,286910,"Balanophyllia (Balanophyllia) cornu","alternate representation","Animalia","Cnidaria","Anthozoa","Scleractinia","Dendrophylliidae","Balanophyllia","Balanophyllia cornu"
"Balanophyllia cornu","bishop",NA,NA,NA,NA,510884,286952,"Balanophyllia (Balanophyllia) ukrainensis","junior homonym","Animalia","Cnidaria","Anthozoa","Scleractinia","Dendrophylliidae","Balanophyllia","Balanophyllia ukrainensis"
"Balanophyllia desmophyllioides","bishop",NA,NA,NA,NA,1448610,286915,"Balanophyllia (Balanophyllia) desmophyllioides","alternate representation","Animalia","Cnidaria","Anthozoa","Scleractinia","Dendrophylliidae","Balanophyllia","Balanophyllia desmophyllioides"
"Balanophyllia diomedeae","bishop","",NA,1,"",1448611,286918,"Balanophyllia (Balanophyllia) diomedeae","alternate representation","Animalia","Cnidaria","Anthozoa","Scleractinia","Dendrophylliidae","Balanophyllia","Balanophyllia diomedeae"
"Balanophyllia laysanensis","bishop","",NA,1,"",1448614,286933,"Balanophyllia (Balanophyllia) laysanensis","alternate representation","Animalia","Cnidaria","Anthozoa","Scleractinia","Dendrophylliidae","Balanophyllia","Balanophyllia laysanensis"
"Caryophyllia atlantica","bishop",NA,NA,NA,NA,1288956,135136,"Caryophyllia (Caryophyllia) atlantica","alternate representation","Animalia","Cnidaria","Anthozoa","Scleractinia","Caryophylliidae","Caryophyllia","Caryophyllia atlantica"
"Caryophyllia hawaiiensis","bishop",NA,NA,NA,NA,1448631,286745,"Caryophyllia (Caryophyllia) hawaiiensis","alternate representation","Animalia","Cnidaria","Anthozoa","Scleractinia","Caryophylliidae","Caryophyllia","Caryophyllia hawaiiensis"
"Caryophyllia marmorea","bishop",NA,NA,NA,NA,1509175,286752,"Caryophyllia (Caryophyllia) marmorea","alternate representation","Animalia","Cnidaria","Anthozoa","Scleractinia","Caryophylliidae","Caryophyllia","Caryophyllia marmorea"
"Caryophyllia octopali","bishop",NA,NA,NA,NA,1448635,286754,"Caryophyllia (Caryophyllia) octopali","alternate representation","Animalia","Cnidaria","Anthozoa","Scleractinia","Caryophylliidae","Caryophyllia","Caryophyllia octopali"
"Caryophyllia rugosa","bishop",NA,NA,NA,NA,1448643,286763,"Caryophyllia (Caryophyllia) rugosa","alternate representation","Animalia","Cnidaria","Anthozoa","Scleractinia","Caryophylliidae","Caryophyllia","Caryophyllia rugosa"
"Ceratotrochus laxus","bishop",NA,NA,NA,NA,411160,411160,"Ceratotrochus laxus","accepted","Animalia","Cnidaria","Anthozoa","Scleractinia","Caryophylliidae","Ceratotrochus","Ceratotrochus laxus"
"Coenosmilia inordinata","bishop",NA,NA,NA,NA,286786,286786,"Coenosmilia inordinata","accepted","Animalia","Cnidaria","Anthozoa","Scleractinia","Caryophylliidae","Coenosmilia","Coenosmilia inordinata"
"Conotrochus funicolumna","bishop",NA,NA,NA,NA,289706,289705,"Conotrochus brunneus","junior subjective synonym","Animalia","Cnidaria","Anthozoa","Scleractinia","Caryophylliidae","Conotrochus","Conotrochus brunneus"
"Cyathoceras diomedeae","bishop",NA,NA,NA,NA,503993,289743,"Crispatotrochus rubescens","junior subjective synonym","Animalia","Cnidaria","Anthozoa","Scleractinia","Caryophylliidae","Cyathoceras","Crispatotrochus rubescens"
"Cyathoceras rubescens","bishop",NA,NA,NA,NA,1373951,289743,"Crispatotrochus rubescens","superseded combination","Animalia","Cnidaria","Anthozoa","Scleractinia","Caryophylliidae","Cyathoceras","Crispatotrochus rubescens"
"Deltocyathus andamanicus","bishop","",NA,1,"",286790,286790,"Deltocyathus andamanicus","accepted","Animalia","Cnidaria","Anthozoa","Scleractinia","Deltocyathidae","Deltocyathus","Deltocyathus andamanicus"
"Deltocyathus stellulatus","bishop",NA,NA,NA,NA,508445,289532,"Bourneotrochus stellulatus","superseded combination","Animalia","Cnidaria","Anthozoa","Scleractinia","Deltocyathidae","Deltocyathus","Bourneotrochus stellulatus"
"Desmophyllum cristagalli","bishop",NA,NA,NA,NA,135158,135159,"Desmophyllum dianthus","junior subjective synonym","Animalia","Cnidaria","Anthozoa","Scleractinia","Caryophylliidae","Desmophyllum","Desmophyllum dianthus"
"Paracyathus gardineri","bishop","",NA,1,"",504160,286882,"Trochocyathus (Trochocyathus) gardineri","superseded combination","Animalia","Cnidaria","Anthozoa","Scleractinia","Caryophylliidae","Paracyathus","Trochocyathus gardineri"
"Paracyathus mauiensis","bishop","",NA,1,"",411247,286889,"Trochocyathus (Trochocyathus) mauiensis","superseded combination","Animalia","Cnidaria","Anthozoa","Scleractinia","Caryophylliidae","Paracyathus","Trochocyathus mauiensis"
"Paracyathus molokensis","bishop","",NA,1,"",286823,286823,"Paracyathus molokensis","accepted","Animalia","Cnidaria","Anthozoa","Scleractinia","Caryophylliidae","Paracyathus","Paracyathus molokensis"
"Paracyathus tenuicalyx","bishop",NA,NA,NA,NA,504158,286894,"Trochocyathus (Trochocyathus) rhombocolumna","junior subjective synonym","Animalia","Cnidaria","Anthozoa","Scleractinia","Caryophylliidae","Paracyathus","Trochocyathus rhombocolumna"
"Peponocyathus orientalis","bishop",NA,NA,NA,NA,509577,135216,"Peponocyathus folliculus","junior subjective synonym","Animalia","Cnidaria","Anthozoa","Scleractinia","Turbinoliidae","Peponocyathus","Peponocyathus folliculus"
"Peponocyathus orientalis","bishop",NA,NA,NA,NA,1509188,1509188,"Peponocyathus orientalis","accepted","Animalia","Cnidaria","Anthozoa","Scleractinia","Turbinoliidae","Peponocyathus","Peponocyathus orientalis"
"Premocyathus burchae","bishop",NA,NA,NA,NA,504162,286873,"Trochocyathus (Trochocyathus) burchae","superseded combination","Animalia","Cnidaria","Anthozoa","Scleractinia","Caryophylliidae","Premocyathus","Trochocyathus burchae"
"Trochocyathus aithoseptatus","bishop",NA,NA,NA,NA,1509183,286870,"Trochocyathus (Trochocyathus) aithoseptatus","alternate representation","Animalia","Cnidaria","Anthozoa","Scleractinia","Caryophylliidae","Trochocyathus","Trochocyathus aithoseptatus"
"Trochocyathus gardineri","bishop",NA,NA,NA,NA,1509177,286882,"Trochocyathus (Trochocyathus) gardineri","alternate representation","Animalia","Cnidaria","Anthozoa","Scleractinia","Caryophylliidae","Trochocyathus","Trochocyathus gardineri"
"Trochocyathus mauiensis","bishop",NA,NA,NA,NA,1543593,286889,"Trochocyathus (Trochocyathus) mauiensis","alternate representation","Animalia","Cnidaria","Anthozoa","Scleractinia","Caryophylliidae","Trochocyathus","Trochocyathus mauiensis"
"Trochocyathus tenuicalyx","bishop",NA,NA,NA,NA,1594711,286894,"Trochocyathus (Trochocyathus) rhombocolumna","junior subjective synonym","Animalia","Cnidaria","Anthozoa","Scleractinia","Caryophylliidae","Trochocyathus","Trochocyathus rhombocolumna"
"Bathyactis hawaiiensis","bishop","",NA,1,"",411157,135204,"Fungiacyathus (Fungiacyathus) fragilis","junior subjective synonym","Animalia","Cnidaria","Anthozoa","Scleractinia","Fungiacyathidae","Bathyactis","Fungiacyathus fragilis"
"Cladopsammia echinata","bishop",NA,NA,NA,NA,286956,286956,"Cladopsammia echinata","accepted","Animalia","Cnidaria","Anthozoa","Scleractinia","Dendrophylliidae","Cladopsammia","Cladopsammia echinata"
"Dendrophyllia gaditana","bishop",NA,NA,NA,NA,210742,135189,"Eguchipsammia gaditana","superseded combination","Animalia","Cnidaria","Anthozoa","Scleractinia","Dendrophylliidae","Dendrophyllia","Eguchipsammia gaditana"
"Dendrophyllia serpentina","bishop",NA,NA,NA,NA,411185,286985,"Eguchipsammia serpentina","superseded combination","Animalia","Cnidaria","Anthozoa","Scleractinia","Dendrophylliidae","Dendrophyllia","Eguchipsammia serpentina"
"Enallopsammia amphelioides","bishop",NA,NA,NA,NA,503139,135190,"Enallopsammia rostrata","junior subjective synonym","Animalia","Cnidaria","Anthozoa","Scleractinia","Dendrophylliidae","Enallopsammia","Enallopsammia rostrata"
"Enallopsammia rostrata","bishop",NA,NA,NA,NA,135190,135190,"Enallopsammia rostrata","accepted","Animalia","Cnidaria","Anthozoa","Scleractinia","Dendrophylliidae","Enallopsammia","Enallopsammia rostrata"
"Endopachys grayi","bishop",NA,NA,NA,NA,289891,289891,"Endopachys grayi","accepted","Animalia","Cnidaria","Anthozoa","Scleractinia","Dendrophylliidae","Endopachys","Endopachys grayi"
"Tubastrea coccinea","bishop",NA,NA,NA,NA,1514866,291251,"Tubastraea coccinea","misspelling","Animalia","Cnidaria","Anthozoa","Scleractinia","Dendrophylliidae","Tubastrea","Tubastraea coccinea"
"Stephanophyllia formosissima","bishop","",NA,1,"",512123,290286,"Letepsammia formosissima","superseded combination","Animalia","Cnidaria","Anthozoa","Scleractinia","Micrabaciidae","Stephanophyllia","Letepsammia formosissima"
"Cyphastrea ocellina","bishop","ocellated coral",0,0,"STATEWIDE",288923,288923,"Cyphastrea ocellina","accepted","Animalia","Cnidaria","Anthozoa","Scleractinia","Merulinidae","Cyphastrea","Cyphastrea ocellina"
"Favia hawaiiensis","bishop",NA,NA,NA,NA,1504591,207470,"Leptastrea purpurea","junior subjective synonym","Animalia","Cnidaria","Anthozoa","Scleractinia","Faviidae","Favia","Leptastrea purpurea"
"Favia hombroni","bishop",NA,NA,NA,NA,207436,763067,"Goniastrea stelligera","junior subjective synonym","Animalia","Cnidaria","Anthozoa","Scleractinia","Faviidae","Favia","Goniastrea stelligera"
"Favia rudis","bishop",NA,NA,NA,NA,1564700,758219,"Dipsastraea speciosa","junior subjective synonym","Animalia","Cnidaria","Anthozoa","Scleractinia","Faviidae","Favia","Dipsastraea speciosa"
"Leptastrea bottae","bishop","",0,0,"STATEWIDE",207476,207476,"Leptastrea bottae","accepted","Animalia","Cnidaria","Anthozoa","Scleractinia","Leptastreidae","Leptastrea","Leptastrea bottae"
"Leptastrea purpurea","bishop","crust coral",0,0,"STATEWIDE",207470,207470,"Leptastrea purpurea","accepted","Animalia","Cnidaria","Anthozoa","Scleractinia","Leptastreidae","Leptastrea","Leptastrea purpurea"
"Flabellum deludens","bishop","",NA,1,"",1431111,287007,"Flabellum (Ulocyathus) deludens","alternate representation","Animalia","Cnidaria","Anthozoa","Scleractinia","Flabellidae","Flabellum","Flabellum deludens"
"Flabellum marcus","bishop",NA,NA,NA,NA,1509248,287016,"Flabellum (Ulocyathus) marcus","alternate representation","Animalia","Cnidaria","Anthozoa","Scleractinia","Flabellidae","Flabellum","Flabellum marcus"
"Flabellum vaughani","bishop",NA,NA,NA,NA,1509247,287031,"Flabellum (Flabellum) vaughani","alternate representation","Animalia","Cnidaria","Anthozoa","Scleractinia","Flabellidae","Flabellum","Flabellum vaughani"
"Gardineria hawaiiensis","bishop",NA,NA,NA,NA,287443,287443,"Gardineria hawaiiensis","accepted","Animalia","Cnidaria","Anthozoa","Scleractinia","Gardineriidae","Gardineria","Gardineria hawaiiensis"
"Javania insignis","bishop",NA,NA,NA,NA,287036,287036,"Javania insignis","accepted","Animalia","Cnidaria","Anthozoa","Scleractinia","Flabellidae","Javania","Javania insignis"
"Javania lamprotichum","bishop",NA,NA,NA,NA,287037,287037,"Javania lamprotichum","accepted","Animalia","Cnidaria","Anthozoa","Scleractinia","Flabellidae","Javania","Javania lamprotichum"
"Placotrochus fuscus","bishop","",NA,1,"",509758,287035,"Javania fusca","superseded combination","Animalia","Cnidaria","Anthozoa","Scleractinia","Flabellidae","Placotrochus","Javania fusca"
"Cycloseris fragilis","bishop","fragile mushroom coral",0,0,"STATEWIDE",716448,716448,"Cycloseris fragilis","accepted","Animalia","Cnidaria","Anthozoa","Scleractinia","Fungiidae","Cycloseris","Cycloseris fragilis"
"Cycloseris tenuis","bishop",NA,NA,NA,NA,207324,207324,"Cycloseris tenuis","accepted","Animalia","Cnidaria","Anthozoa","Scleractinia","Fungiidae","Cycloseris","Cycloseris tenuis"
"Cycloseris tenuis","bishop",NA,NA,NA,NA,1290056,1290056,"Cycloseris tenuis","taxon inquirendum","Animalia","Cnidaria","Anthozoa","Scleractinia","Fungiidae","Cycloseris","Cycloseris tenuis"
"Cycloseris vaughani","bishop",NA,NA,NA,NA,207327,207327,"Cycloseris vaughani","accepted","Animalia","Cnidaria","Anthozoa","Scleractinia","Fungiidae","Cycloseris","Cycloseris vaughani"
"Diaseris distorta","bishop","distorted mushroom coral",0,0,"STATEWIDE",207332,207326,"Cycloseris distorta","superseded combination","Animalia","Cnidaria","Anthozoa","Scleractinia","Fungiidae","Diaseris","Cycloseris distorta"
"Diaseris fragilis","bishop",NA,NA,NA,NA,207331,716448,"Cycloseris fragilis","superseded combination","Animalia","Cnidaria","Anthozoa","Scleractinia","Fungiidae","Diaseris","Cycloseris fragilis"
"Fungia echinata","bishop",NA,NA,NA,NA,367892,216132,"Ctenactis echinata","superseded combination","Animalia","Cnidaria","Anthozoa","Scleractinia","Fungiidae","Fungia","Ctenactis echinata"
"Fungia patelliformis","bishop",NA,NA,NA,NA,716681,716448,"Cycloseris fragilis","junior subjective synonym","Animalia","Cnidaria","Anthozoa","Scleractinia","Fungiidae","Fungia","Cycloseris fragilis"
"Fungia scutaria","bishop","mushroom coral",0,0,"STATEWIDE",207341,716542,"Lobactis scutaria","superseded combination","Animalia","Cnidaria","Anthozoa","Scleractinia","Fungiidae","Fungia","Lobactis scutaria"
"Fungiacyathus fissilis","bishop",NA,NA,NA,NA,1509172,287075,"Fungiacyathus (Bathyactis) fissilis","alternate representation","Animalia","Cnidaria","Anthozoa","Scleractinia","Fungiacyathidae","Fungiacyathus","Fungiacyathus fissilis"
"Fungiacyathus fragilis","bishop",NA,NA,NA,NA,1431117,135204,"Fungiacyathus (Fungiacyathus) fragilis","alternate representation","Animalia","Cnidaria","Anthozoa","Scleractinia","Fungiacyathidae","Fungiacyathus","Fungiacyathus fragilis"
"Guynia annulata","bishop",NA,NA,NA,NA,135206,135206,"Guynia annulata","accepted","Animalia","Cnidaria","Anthozoa","Scleractinia","Guyniidae","Guynia","Guynia annulata"
"Letepsammia formosissima","bishop",NA,NA,NA,NA,290286,290286,"Letepsammia formosissima","accepted","Animalia","Cnidaria","Anthozoa","Scleractinia","Micrabaciidae","Letepsammia","Letepsammia formosissima"
"Madrepora kauaiensis","bishop","",NA,1,"",287093,135209,"Madrepora oculata","junior subjective synonym","Animalia","Cnidaria","Anthozoa","Scleractinia","Oculinidae","Madrepora","Madrepora oculata"
"Madrepora oculata","bishop",NA,NA,NA,NA,135209,135209,"Madrepora oculata","accepted","Animalia","Cnidaria","Anthozoa","Scleractinia","Oculinidae","Madrepora","Madrepora oculata"
"Madracis kauaiensis","bishop","",NA,1,"",208944,208944,"Madracis kauaiensis","accepted","Animalia","Cnidaria","Anthozoa","Scleractinia","Pocilloporidae","Madracis","Madracis kauaiensis"
"Pocillopora damicornis","bishop","Lace coral",0,0,"STATEWIDE",206953,206953,"Pocillopora damicornis","accepted","Animalia","Cnidaria","Anthozoa","Scleractinia","Pocilloporidae","Pocillopora","Pocillopora damicornis"
"Pocillopora eydouxi","bishop","antler coral",0,0,"STATEWIDE",206958,206952,"Pocillopora grandis","junior subjective synonym","Animalia","Cnidaria","Anthozoa","Scleractinia","Pocilloporidae","Pocillopora","Pocillopora grandis"
"Pocillopora meandrina","bishop","cauliflower coral",0,0,"STATEWIDE",206964,206964,"Pocillopora meandrina","accepted","Animalia","Cnidaria","Anthozoa","Scleractinia","Pocilloporidae","Pocillopora","Pocillopora meandrina"
"Pocillopora molokensis","bishop",NA,NA,NA,NA,411253,411253,"Pocillopora molokensis","accepted","Animalia","Cnidaria","Anthozoa","Scleractinia","Pocilloporidae","Pocillopora","Pocillopora molokensis"
"Alveopora verrilliana","bishop",NA,NA,NA,NA,207201,207201,"Alveopora verrilliana","accepted","Animalia","Cnidaria","Anthozoa","Scleractinia","Acroporidae","Alveopora","Alveopora verrilliana"
"Porites bernardi","bishop","false lichen coral",0,0,"STATEWIDE",411262,288903,"Porites gabonensis","junior homonym","Animalia","Cnidaria","Anthozoa","Scleractinia","Poritidae","Porites","Porites gabonensis"
"Porites bernardi","bishop","false lichen coral",0,0,"STATEWIDE",869037,869037,"Porites bernardi","taxon inquirendum","Animalia","Cnidaria","Anthozoa","Scleractinia","Poritidae","Porites","Porites bernardi"
"Porites brighami","bishop","Brighams coral",1,0,"STATEWIDE",411263,411263,"Porites brighami","accepted","Animalia","Cnidaria","Anthozoa","Scleractinia","Poritidae","Porites","Porites brighami"
"Porites compressa","bishop","pohaku puna or compressed coral",1,0,"STATEWIDE",207236,207236,"Porites compressa","accepted","Animalia","Cnidaria","Anthozoa","Scleractinia","Poritidae","Porites","Porites compressa"
"Porites discoidea","bishop",NA,NA,NA,NA,411267,411267,"Porites discoidea","taxon inquirendum","Animalia","Cnidaria","Anthozoa","Scleractinia","Poritidae","Porites","Porites discoidea"
"Porites duerdeni","bishop"," thick finger coral ",1,0,"KBAY",411269,411269,"Porites duerdeni","taxon inquirendum","Animalia","Cnidaria","Anthozoa","Scleractinia","Poritidae","Porites","Porites duerdeni"
"Porites evermanni","bishop","pohaku puna or Evermanns coral",1,0,"STATEWIDE",288900,288900,"Porites evermanni","accepted","Animalia","Cnidaria","Anthozoa","Scleractinia","Poritidae","Porites","Porites evermanni"
"Porites lanuginosa","bishop",NA,NA,NA,NA,411270,411270,"Porites lanuginosa","taxon inquirendum","Animalia","Cnidaria","Anthozoa","Scleractinia","Poritidae","Porites","Porites lanuginosa"
"Porites lichen","bishop","lichen coral",0,0,"OAHU",207228,207228,"Porites lichen","accepted","Animalia","Cnidaria","Anthozoa","Scleractinia","Poritidae","Porites","Porites lichen"
"Porites lobata","bishop","lobe coral",0,0,"STATEWIDE",207225,207225,"Porites lobata","accepted","Animalia","Cnidaria","Anthozoa","Scleractinia","Poritidae","Porites","Porites lobata"
"Porites pukoensis","bishop","",1,0,"MOLOKAI",207250,207250,"Porites pukoensis","accepted","Animalia","Cnidaria","Anthozoa","Scleractinia","Poritidae","Porites","Porites pukoensis"
"Porites schauinslandi","bishop",NA,NA,NA,NA,411272,411272,"Porites schauinslandi","taxon inquirendum","Animalia","Cnidaria","Anthozoa","Scleractinia","Poritidae","Porites","Porites schauinslandi"
"Porites studeri","bishop","deep lobe coral",0,0,"STATEWIDE",411273,411273,"Porites studeri","taxon inquirendum","Animalia","Cnidaria","Anthozoa","Scleractinia","Poritidae","Porites","Porites studeri"
"Porites (Synaraea) irregularis","bishop",NA,NA,NA,NA,760284,207231,"Porites rus","junior subjective synonym","Animalia","Cnidaria","Anthozoa","Scleractinia","Poritidae","Porites","Porites rus"
"Porites (Synaraea) rus","bishop",NA,NA,NA,NA,1462269,207231,"Porites rus","superseded combination","Animalia","Cnidaria","Anthozoa","Scleractinia","Poritidae","Porites","Porites rus"
"Coscinaraea wellsi","bishop","Wells coral",0,0,"STATEWIDE",207257,716291,"Cycloseris wellsi","superseded combination","Animalia","Cnidaria","Anthozoa","Scleractinia","Coscinaraeidae","Coscinaraea","Cycloseris wellsi"
"Psammocora explanulata","bishop","flat coral",0,0,"STATEWIDE",207265,716292,"Cycloseris explanulata","superseded combination","Animalia","Cnidaria","Anthozoa","Scleractinia","Psammocoridae","Psammocora","Cycloseris explanulata"
"Psammocora nierstraszi","bishop","Nierstraszs coral",0,0,"STATEWIDE",207261,207261,"Psammocora nierstraszi","accepted","Animalia","Cnidaria","Anthozoa","Scleractinia","Psammocoridae","Psammocora","Psammocora nierstraszi"
"Psammocora stellata","bishop","stellar coral",0,0,"STATEWIDE",287784,287784,"Psammocora stellata","accepted","Animalia","Cnidaria","Anthozoa","Scleractinia","Psammocoridae","Psammocora","Psammocora stellata"
"Psammocora verrilli","bishop","Verrills lump coral",1,0,"OAHU",411275,207261,"Psammocora nierstraszi","junior subjective synonym","Animalia","Cnidaria","Anthozoa","Scleractinia","Psammocoridae","Psammocora","Psammocora nierstraszi"
"Isaurus elongatus","bishop",NA,NA,NA,NA,581523,101058,"Isaurus tuberculatus","unaccepted","Animalia","Cnidaria","Anthozoa","Zoantharia","Zoanthidae","Isaurus","Isaurus tuberculatus"
"Palythoa caesia","bishop",NA,NA,NA,NA,288454,288454,"Palythoa caesia","accepted","Animalia","Cnidaria","Anthozoa","Zoantharia","Sphenopidae","Palythoa","Palythoa caesia"
"Palythoa psammophilia","bishop",NA,NA,NA,NA,759416,759416,"Palythoa psammophilia","accepted","Animalia","Cnidaria","Anthozoa","Zoantharia","Sphenopidae","Palythoa","Palythoa psammophilia"
"Palythoa toxica","bishop",NA,NA,NA,NA,759417,759417,"Palythoa toxica","accepted","Animalia","Cnidaria","Anthozoa","Zoantharia","Sphenopidae","Palythoa","Palythoa toxica"
"Palythoa tuberculosa","bishop",NA,NA,NA,NA,220520,220520,"Palythoa tuberculosa","accepted","Animalia","Cnidaria","Anthozoa","Zoantharia","Sphenopidae","Palythoa","Palythoa tuberculosa"
"Palythoa vestitus","bishop",NA,NA,NA,NA,1287281,1287281,"Palythoa vestitus","accepted","Animalia","Cnidaria","Anthozoa","Zoantharia","Sphenopidae","Palythoa","Palythoa vestitus"
"Zoanthus kealakekuaensis","bishop",NA,NA,NA,NA,759418,759418,"Zoanthus kealakekuaensis","accepted","Animalia","Cnidaria","Anthozoa","Zoantharia","Zoanthidae","Zoanthus","Zoanthus kealakekuaensis"
"Zoanthus pacificus","bishop",NA,NA,NA,NA,288837,288837,"Zoanthus pacificus","taxon inquirendum","Animalia","Cnidaria","Anthozoa","Zoantharia","Zoanthidae","Zoanthus","Zoanthus pacificus"
"Actinodiscus nummiformis","bishop",NA,NA,NA,NA,220516,411031,"Discosoma nummiforme","unaccepted","Animalia","Cnidaria","Anthozoa","Corallimorpharia","Discosomidae","Actinodiscus","Discosoma nummiforme"
"Antipathes dichotoma","bishop",NA,NA,NA,NA,103309,103309,"Antipathes dichotoma","accepted","Animalia","Cnidaria","Anthozoa","Antipatharia","Antipathidae","Antipathes","Antipathes dichotoma"
"Antipathes grandis","bishop",NA,NA,NA,NA,283903,283903,"Antipathes grandis","accepted","Animalia","Cnidaria","Anthozoa","Antipatharia","Antipathidae","Antipathes","Antipathes grandis"
"Antipathes intermedia","bishop",NA,NA,NA,NA,411111,589903,"Dendropathes intermedia","unaccepted","Animalia","Cnidaria","Anthozoa","Antipatharia","Antipathidae","Antipathes","Dendropathes intermedia"
"Antipathes irregularis","bishop",NA,NA,NA,NA,283908,283908,"Antipathes irregularis","accepted","Animalia","Cnidaria","Anthozoa","Antipatharia","Antipathidae","Antipathes","Antipathes irregularis"
"Antipathes irregularis","bishop",NA,NA,NA,NA,283907,283907,"Antipathes irregularis","accepted","Animalia","Cnidaria","Anthozoa","Antipatharia","Antipathidae","Antipathes","Antipathes irregularis"
"Antipathes irregularis","bishop",NA,NA,NA,NA,411112,411112,"Antipathes irregularis","taxon inquirendum","Animalia","Cnidaria","Anthozoa","Antipatharia","Antipathidae","Antipathes","Antipathes irregularis"
"Antipathes punctata","bishop",NA,NA,NA,NA,103314,291112,"Stauropathes punctata","unaccepted","Animalia","Cnidaria","Anthozoa","Antipatharia","Antipathidae","Antipathes","Stauropathes punctata"
"Antipathes subpinnata","bishop",NA,NA,NA,NA,103316,289447,"Antipathella subpinnata","unaccepted","Animalia","Cnidaria","Anthozoa","Antipatharia","Antipathidae","Antipathes","Antipathella subpinnata"
"Antipathes ulex","bishop",NA,NA,NA,NA,292130,290441,"Myriopathes ulex","unaccepted","Animalia","Cnidaria","Anthozoa","Antipatharia","Antipathidae","Antipathes","Myriopathes ulex"
"Antipathes undulata","bishop",NA,NA,NA,NA,1564669,289314,"Acanthopathes undulata","superseded combination","Animalia","Cnidaria","Anthozoa","Antipatharia","Antipathidae","Antipathes","Acanthopathes undulata"
"Cirrhipathes anguina","bishop",NA,NA,NA,NA,220496,220496,"Cirrhipathes anguina","accepted","Animalia","Cnidaria","Anthozoa","Antipatharia","Antipathidae","Cirrhipathes","Cirrhipathes anguina"
"Schizopathes conferta","bishop",NA,NA,NA,NA,589656,589657,"Bathypathes conferta","unaccepted","Animalia","Cnidaria","Anthozoa","Antipatharia","Schizopathidae","Schizopathes","Bathypathes conferta"
"Stichopathes echinulata","bishop",NA,NA,NA,NA,283964,283964,"Stichopathes echinulata","accepted","Animalia","Cnidaria","Anthozoa","Antipatharia","Antipathidae","Stichopathes","Stichopathes echinulata"
"Isarachnanthus bandanensis","bishop",NA,NA,NA,NA,283788,283788,"Isarachnanthus bandanensis","accepted","Animalia","Cnidaria","Anthozoa","Penicillaria","Arachnactidae","Isarachnanthus","Isarachnanthus bandanensis"
"Carybdea alata","bishop",NA,NA,NA,NA,418872,289378,"Alatina alata","unaccepted","Animalia","Cnidaria","Cubozoa","Carybdeida","Carybdeidae","Carybdea","Alatina alata"
"Gymnangium hians","bishop",NA,NA,NA,NA,220593,220593,"Gymnangium hians","accepted","Animalia","Cnidaria","Hydrozoa","Leptothecata","Aglaopheniidae","Gymnangium","Gymnangium hians"
"Macrorhynchia philippina","bishop",NA,NA,NA,NA,117305,117305,"Macrorhynchia philippina","accepted","Animalia","Cnidaria","Hydrozoa","Leptothecata","Aglaopheniidae","Macrorhynchia","Macrorhynchia philippina"
"Bougainvillia fulva","bishop",NA,NA,NA,NA,221102,221102,"Bougainvillia fulva","accepted","Animalia","Cnidaria","Hydrozoa","Anthoathecata","Bougainvilliidae","Bougainvillia","Bougainvillia fulva"
"Bougainvillia muscus","bishop",NA,NA,NA,NA,117328,117328,"Bougainvillia muscus","accepted","Animalia","Cnidaria","Hydrozoa","Anthoathecata","Bougainvilliidae","Bougainvillia","Bougainvillia muscus"
"Clytia hemisphaerica","bishop",NA,NA,NA,NA,117368,117368,"Clytia hemisphaerica","accepted","Animalia","Cnidaria","Hydrozoa","Leptothecata","Campanulariidae","Clytia","Clytia hemisphaerica"
"Obelia bidentata","bishop",NA,NA,NA,NA,117385,117385,"Obelia bidentata","accepted","Animalia","Cnidaria","Hydrozoa","Leptothecata","Campanulariidae","Obelia","Obelia bidentata"
"Obelia dichotoma","bishop",NA,NA,NA,NA,117386,117386,"Obelia dichotoma","accepted","Animalia","Cnidaria","Hydrozoa","Leptothecata","Campanulariidae","Obelia","Obelia dichotoma"
"Cladonema radiatum","bishop",NA,NA,NA,NA,117425,117425,"Cladonema radiatum","accepted","Animalia","Cnidaria","Hydrozoa","Anthoathecata","Cladonematidae","Cladonema","Cladonema radiatum"
"Cordylophora caspia","bishop",NA,NA,NA,NA,117428,117428,"Cordylophora caspia","accepted","Animalia","Cnidaria","Hydrozoa","Anthoathecata","Cordylophoridae","Cordylophora","Cordylophora caspia"
"Turritopsis nutricula","bishop",NA,NA,NA,NA,117440,117440,"Turritopsis nutricula","accepted","Animalia","Cnidaria","Hydrozoa","Anthoathecata","Oceaniidae","Turritopsis","Turritopsis nutricula"
"Sarsia tubulosa","bishop",NA,NA,NA,NA,117491,117491,"Sarsia tubulosa","accepted","Animalia","Cnidaria","Hydrozoa","Anthoathecata","Corynidae","Sarsia","Sarsia tubulosa"
"Pennaria disticha","bishop",NA,NA,NA,NA,117802,117802,"Pennaria disticha","accepted","Animalia","Cnidaria","Hydrozoa","Anthoathecata","Pennariidae","Pennaria","Pennaria disticha"
"Moerisia horii","bishop",NA,NA,NA,NA,285087,285087,"Moerisia horii","accepted","Animalia","Cnidaria","Hydrozoa","Anthoathecata","Moerisiidae","Moerisia","Moerisia horii"
"Monotheca margaretta","bishop",NA,NA,NA,NA,117805,117805,"Monotheca margaretta","accepted","Animalia","Cnidaria","Hydrozoa","Leptothecata","Plumulariidae","Monotheca","Monotheca margaretta"
"Plumularia setacea","bishop",NA,NA,NA,NA,117824,117824,"Plumularia setacea","accepted","Animalia","Cnidaria","Hydrozoa","Leptothecata","Plumulariidae","Plumularia","Plumularia setacea"
"Dynamena cornicina","bishop",NA,NA,NA,NA,117884,117887,"Dynamena disticha","unaccepted","Animalia","Cnidaria","Hydrozoa","Leptothecata","Sertulariidae","Dynamena","Dynamena disticha"
"Dynamena crisioides","bishop",NA,NA,NA,NA,418901,418901,"Dynamena crisioides","accepted","Animalia","Cnidaria","Hydrozoa","Leptothecata","Sertulariidae","Dynamena","Dynamena crisioides"
"Sertularella diaphana","bishop",NA,NA,NA,NA,285502,285502,"Sertularella diaphana","accepted","Animalia","Cnidaria","Hydrozoa","Leptothecata","Sertularellidae","Sertularella","Sertularella diaphana"
"Sertularia distans","bishop",NA,NA,NA,NA,546868,546867,"Sertularella distans","unaccepted","Animalia","Cnidaria","Hydrozoa","Leptothecata","Sertulariidae","Sertularia","Sertularella distans"
"Sertularia distans","bishop",NA,NA,NA,NA,117914,1341823,"Amphisbetia distans","unaccepted","Animalia","Cnidaria","Hydrozoa","Leptothecata","Sertulariidae","Sertularia","Amphisbetia distans"
"Sertularia distans","bishop",NA,NA,NA,NA,1388396,1388389,"Dynamena pourtalesi","unaccepted","Animalia","Cnidaria","Hydrozoa","Leptothecata","Sertulariidae","Sertularia","Dynamena pourtalesi"
"Sertularia subtilis","bishop",NA,NA,NA,NA,292421,1555860,"Tridentata rugosissima","unaccepted","Animalia","Cnidaria","Hydrozoa","Leptothecata","Sertulariidae","Sertularia","Tridentata rugosissima"
"Tridentata turbinata","bishop",NA,NA,NA,NA,418907,418907,"Tridentata turbinata","accepted","Animalia","Cnidaria","Hydrozoa","Leptothecata","Sertulariidae","Tridentata","Tridentata turbinata"
"Solanderia minima","bishop",NA,NA,NA,NA,220572,220571,"Solanderia secunda","unaccepted","Animalia","Cnidaria","Hydrozoa","Anthoathecata","Solanderiidae","Solanderia","Solanderia secunda"
"Solanderia secunda","bishop",NA,NA,NA,NA,220571,220571,"Solanderia secunda","accepted","Animalia","Cnidaria","Hydrozoa","Anthoathecata","Solanderiidae","Solanderia","Solanderia secunda"
"Solmaris insculpta","bishop",NA,NA,NA,NA,843634,117945,"Pegantha triloba","unaccepted","Animalia","Cnidaria","Hydrozoa","Narcomedusae","Solmarisidae","Solmaris","Pegantha triloba"
"Synthecium megathecum","bishop",NA,NA,NA,NA,285929,285929,"Synthecium megathecum","accepted","Animalia","Cnidaria","Hydrozoa","Leptothecata","Syntheciidae","Synthecium","Synthecium megathecum"
"Distichopora anceps","bishop",NA,NA,NA,NA,288316,288316,"Distichopora anceps","accepted","Animalia","Cnidaria","Hydrozoa","Anthoathecata","Stylasteridae","Distichopora","Distichopora anceps"
"Distichopora coccinea","bishop",NA,NA,NA,NA,288322,288322,"Distichopora coccinea","accepted","Animalia","Cnidaria","Hydrozoa","Anthoathecata","Stylasteridae","Distichopora","Distichopora coccinea"
"Distichopora nitida","bishop",NA,NA,NA,NA,288330,288330,"Distichopora nitida","accepted","Animalia","Cnidaria","Hydrozoa","Anthoathecata","Stylasteridae","Distichopora","Distichopora nitida"
"Distichopora violacea","bishop",NA,NA,NA,NA,210734,210734,"Distichopora violacea","accepted","Animalia","Cnidaria","Hydrozoa","Anthoathecata","Stylasteridae","Distichopora","Distichopora violacea"
"Stylaster sanguineus","bishop",NA,NA,NA,NA,285906,285906,"Stylaster sanguineus","accepted","Animalia","Cnidaria","Hydrozoa","Anthoathecata","Stylasteridae","Stylaster","Stylaster sanguineus"
"Porpita pacifica","bishop",NA,NA,NA,NA,292206,117831,"Porpita porpita","unaccepted","Animalia","Cnidaria","Hydrozoa","Anthoathecata","Porpitidae","Porpita","Porpita porpita"
"Velella velella","bishop",NA,NA,NA,NA,117832,117832,"Velella velella","accepted","Animalia","Cnidaria","Hydrozoa","Anthoathecata","Porpitidae","Velella","Velella velella"
"Kishinouyea hawaiiensis","bishop",NA,NA,NA,NA,290247,886192,"Calvadosia hawaiiensis","unaccepted","Animalia","Cnidaria","Staurozoa","Stauromedusae","Kishinouyeidae","Kishinouyea","Calvadosia hawaiiensis"
"Stephanoscyphus simplex","bishop",NA,NA,NA,NA,271293,888452,"Nausithoe simplex","unaccepted","Animalia","Cnidaria","Scyphozoa","Coronatae","Coronatae incertae sedis","Stephanoscyphus","Nausithoe simplex"
"Periphylla periphylla","bishop",NA,NA,NA,NA,135294,135294,"Periphylla periphylla","accepted","Animalia","Cnidaria","Scyphozoa","Coronatae","Periphyllidae","Periphylla","Periphylla periphylla"
"Pelagia noctiluca","bishop",NA,NA,NA,NA,135305,135305,"Pelagia noctiluca","accepted","Animalia","Cnidaria","Scyphozoa","Semaeostomeae","Pelagiidae","Pelagia","Pelagia noctiluca"
"Cassiopea andromeda","bishop",NA,NA,NA,NA,135295,135295,"Cassiopea andromeda","accepted","Animalia","Cnidaria","Scyphozoa","Rhizostomeae","Cassiopeidae","Cassiopea","Cassiopea andromeda"
"Cephea cephea","bishop",NA,NA,NA,NA,213582,213582,"Cephea cephea","accepted","Animalia","Cnidaria","Scyphozoa","Rhizostomeae","Cepheidae","Cephea","Cephea cephea"
"Anomalorhiza shawi","bishop",NA,NA,NA,NA,289409,289409,"Anomalorhiza shawi","accepted","Animalia","Cnidaria","Scyphozoa","Rhizostomeae","Lychnorhizidae","Anomalorhiza","Anomalorhiza shawi"
"Mastigias papua","bishop",NA,NA,NA,NA,220485,220485,"Mastigias papua","accepted","Animalia","Cnidaria","Scyphozoa","Rhizostomeae","Mastigiidae","Mastigias","Mastigias papua"
"Phyllorhiza punctata","bishop",NA,NA,NA,NA,135298,135298,"Phyllorhiza punctata","accepted","Animalia","Cnidaria","Scyphozoa","Rhizostomeae","Mastigiidae","Phyllorhiza","Phyllorhiza punctata"
"Thysanostoma flagellatum","bishop",NA,NA,NA,NA,287985,287985,"Thysanostoma flagellatum","accepted","Animalia","Cnidaria","Scyphozoa","Rhizostomeae","Leptobrachidae","Thysanostoma","Thysanostoma flagellatum"
"Lobactis scutaria","whSFM",NA,NA,NA,NA,716542,716542,"Lobactis scutaria","accepted","Animalia","Cnidaria","Anthozoa","Scleractinia","Fungiidae","Lobactis","Lobactis scutaria"
"Leptastrea bewickensis","whSFM","Bewicks coral",0,0,"STATEWIDE",287822,287822,"Leptastrea bewickensis","accepted","Animalia","Cnidaria","Anthozoa","Scleractinia","Leptastreidae","Leptastrea","Leptastrea bewickensis"
"Pocillopora grandis","whSFM",NA,NA,NA,NA,206952,206952,"Pocillopora grandis","accepted","Animalia","Cnidaria","Anthozoa","Scleractinia","Pocilloporidae","Pocillopora","Pocillopora grandis"
"Porites lutea","whSFM",NA,NA,NA,NA,207246,207246,"Porites lutea","accepted","Animalia","Cnidaria","Anthozoa","Scleractinia","Poritidae","Porites","Porites lutea"
"Porites monticulosa","whSFM","plate and knob coral",0,0,"STATEWIDE",367816,367816,"Porites monticulosa","accepted","Animalia","Cnidaria","Anthozoa","Scleractinia","Poritidae","Porites","Porites monticulosa"
"Porites rus","whSFM","plate and pillar coral",0,0,"STATEWIDE",207231,207231,"Porites rus","accepted","Animalia","Cnidaria","Anthozoa","Scleractinia","Poritidae","Porites","Porites rus"
"Acropora gemmifera","noaa","",0,0,"NWHI",207097,207097,"Acropora gemmifera","accepted","Animalia","Cnidaria","Anthozoa","Scleractinia","Acroporidae","Acropora","Acropora gemmifera"
"Leptastrea pruinosa","noaa","spotted coral",0,0,"STATEWIDE",207472,207470,"Leptastrea purpurea","junior subjective synonym","Animalia","Cnidaria","Anthozoa","Scleractinia","Leptastreidae","Leptastrea","Leptastrea purpurea"
"Leptastrea transversa","noaa","transverse coral",0,0,"STATEWIDE",207474,207474,"Leptastrea transversa","accepted","Animalia","Cnidaria","Anthozoa","Scleractinia","Leptastreidae","Leptastrea","Leptastrea transversa"
"Montipora incrassata","noaa",NA,NA,NA,NA,287714,287714,"Montipora incrassata","accepted","Animalia","Cnidaria","Anthozoa","Scleractinia","Acroporidae","Montipora","Montipora incrassata"
"Pavona chiriquiensis","noaa",NA,NA,NA,NA,289200,289200,"Pavona chiriquiensis","accepted","Animalia","Cnidaria","Anthozoa","Scleractinia","Agariciidae","Pavona","Pavona chiriquiensis"
"Pocillopora ligulata","noaa","thin cauliflower coral",0,0,"STATEWIDE",206959,206959,"Pocillopora ligulata","accepted","Animalia","Cnidaria","Anthozoa","Scleractinia","Pocilloporidae","Pocillopora","Pocillopora ligulata"
"Acropora nasuta",NA,"branching staghorn coral",0,0,"STATEWIDE",207009,207009,"Acropora nasuta","accepted","Animalia","Cnidaria","Anthozoa","Scleractinia","Acroporidae","Acropora","Acropora nasuta"
"Cycloseris hexagonalis",NA,"humpback coral",0,0,"STATEWIDE",716551,994375,"Sinuorota hexagonalis","superseded combination","Animalia","Cnidaria","Anthozoa","Scleractinia","Fungiidae","Cycloseris","Sinuorota hexagonalis"
"Fungia granulosa",NA,"granulated mushroom coral",0,0,"STATEWIDE",207348,716549,"Pleuractis granulosa","superseded combination","Animalia","Cnidaria","Anthozoa","Scleractinia","Fungiidae","Fungia","Pleuractis granulosa"
"Leptoseris foliosa",NA,"foliose coral",0,0,"MAUI",207286,207286,"Leptoseris foliosa","accepted","Animalia","Cnidaria","Anthozoa","Scleractinia","Agariciidae","Leptoseris","Leptoseris foliosa"
"Madracis pharensis",NA,"hidden orange coral",0,0,"STATEWIDE",135212,135212,"Madracis pharensis","accepted","Animalia","Cnidaria","Anthozoa","Scleractinia","Pocilloporidae","Madracis","Madracis pharensis"
"Pavona pollicata",NA,"",0,0,"STATEWIDE",207299,207309,"Pavona maldivensis","junior subjective synonym","Animalia","Cnidaria","Anthozoa","Scleractinia","Agariciidae","Pavona","Pavona maldivensis"
"Porites annae",NA,"nodule coral",0,0,"MAUI",288886,288886,"Porites annae","accepted","Animalia","Cnidaria","Anthozoa","Scleractinia","Poritidae","Porites","Porites annae"
"Porites solida",NA,"solid coral",0,0,"STATEWIDE",207227,207227,"Porites solida","accepted","Animalia","Cnidaria","Anthozoa","Scleractinia","Poritidae","Porites","Porites solida"
"Psammocora haimeana",NA,"Haimes lump coral",0,0,"STATEWIDE",207262,718603,"Psammocora haimiana","misspelling","Animalia","Cnidaria","Anthozoa","Scleractinia","Psammocoridae","Psammocora","Psammocora haimiana"
"Psammocora superficialis",NA,"superficial coral",0,0,"STATEWIDE",207270,207271,"Psammocora profundacella","junior subjective synonym","Animalia","Cnidaria","Anthozoa","Scleractinia","Psammocoridae","Psammocora","Psammocora profundacella"
"Rhizopsammia verrilli",NA,"Verrills lump coral",0,0,"STATEWIDE",210737,210737,"Rhizopsammia verrilli","accepted","Animalia","Cnidaria","Anthozoa","Scleractinia","Dendrophylliidae","Rhizopsammia","Rhizopsammia verrilli"
"Tethocyathus minor",NA,"tiny cup coral",0,0,"STATEWIDE",286863,286863,"Tethocyathus minor","accepted","Animalia","Cnidaria","Anthozoa","Scleractinia","Caryophylliidae","Tethocyathus","Tethocyathus minor"
"Tubastraea coccinea",NA,"colonial cup coral",0,0,"STATEWIDE",1450910,1450910,"Tubastraea coccinea","taxon inquirendum","Animalia","Cnidaria","Anthozoa","Scleractinia","Dendrophylliidae","Tubastraea","Tubastraea coccinea"
"Tubastraea coccinea",NA,"colonial cup coral",0,0,"STATEWIDE",291251,291251,"Tubastraea coccinea","accepted","Animalia","Cnidaria","Anthozoa","Scleractinia","Dendrophylliidae","Tubastraea","Tubastraea coccinea"
"Tubastraea diaphana",NA,"black cup coral",0,0,"STATEWIDE",291252,291252,"Tubastraea diaphana","accepted","Animalia","Cnidaria","Anthozoa","Scleractinia","Dendrophylliidae","Tubastraea","Tubastraea diaphana"
"Balanophyllia hawaiiensis",NA,"",NA,1,"",1448613,286927,"Balanophyllia (Balanophyllia) gigas","junior subjective synonym","Animalia","Cnidaria","Anthozoa","Scleractinia","Dendrophylliidae","Balanophyllia","Balanophyllia gigas"
"Caryophyllia alcocki",NA,"",NA,1,"",1448623,135136,"Caryophyllia (Caryophyllia) atlantica","junior subjective synonym","Animalia","Cnidaria","Anthozoa","Scleractinia","Caryophylliidae","Caryophyllia","Caryophyllia atlantica"
"Dendrophyllia oahensis",NA,"",NA,1,"",345588,286983,"Eguchipsammia fistula","junior subjective synonym","Animalia","Cnidaria","Anthozoa","Scleractinia","Dendrophylliidae","Dendrophyllia","Eguchipsammia fistula"
"Flabellum pavoninum",NA,"",NA,1,"",1448616,287022,"Flabellum (Flabellum) pavoninum","alternate representation","Animalia","Cnidaria","Anthozoa","Scleractinia","Flabellidae","Flabellum","Flabellum pavoninum"
"Trochocyathus oahensis",NA,"",NA,1,"",1509178,216151,"Trochocyathus (Trochocyathus) oahensis","alternate representation","Animalia","Cnidaria","Anthozoa","Scleractinia","Caryophylliidae","Trochocyathus","Trochocyathus oahensis"
"Pavonia plicata",NA,NA,NA,NA,NA,1564049,207267,"Psammocora contigua","junior subjective synonym","Animalia","Cnidaria","Anthozoa","Scleractinia","Agariciidae","Pavonia","Psammocora contigua"
"Endopachys oahense",NA,NA,NA,NA,NA,411192,289891,"Endopachys grayi","junior subjective synonym","Animalia","Cnidaria","Anthozoa","Scleractinia","Dendrophylliidae","Endopachys","Endopachys grayi"
"Stenocyathus vermiformis",NA,NA,NA,NA,NA,135208,135208,"Stenocyathus vermiformis","accepted","Animalia","Cnidaria","Anthozoa","Scleractinia","Stenocyathidae","Stenocyathus","Stenocyathus vermiformis"
"Zoanthus sandvicensis",NA,NA,NA,NA,NA,1563119,NA,NA,"unassessed","Animalia","Cnidaria","Anthozoa","Zoantharia","Zoanthidae","Zoanthus",NA
"Leiopathes glaberrima",NA,NA,NA,NA,NA,103326,103326,"Leiopathes glaberrima","accepted","Animalia","Cnidaria","Anthozoa","Antipatharia","Leiopathidae","Leiopathes","Leiopathes glaberrima"
"Carybdea rastonii",NA,NA,NA,NA,NA,287143,287143,"Carybdea rastonii","accepted","Animalia","Cnidaria","Cubozoa","Carybdeida","Carybdeidae","Carybdea","Carybdea rastonii"
"Staurocladia acuminata",NA,NA,NA,NA,NA,284624,284624,"Staurocladia acuminata","accepted","Animalia","Cnidaria","Hydrozoa","Anthoathecata","Cladonematidae","Staurocladia","Staurocladia acuminata"
"Staurocladia alternata",NA,NA,NA,NA,NA,284625,284625,"Staurocladia alternata","accepted","Animalia","Cnidaria","Hydrozoa","Anthoathecata","Cladonematidae","Staurocladia","Staurocladia alternata"
"Staurocladia bilateralis",NA,NA,NA,NA,NA,284626,284626,"Staurocladia bilateralis","accepted","Animalia","Cnidaria","Hydrozoa","Anthoathecata","Cladonematidae","Staurocladia","Staurocladia bilateralis"
"Staurocladia oahuensis",NA,NA,NA,NA,NA,284629,284629,"Staurocladia oahuensis","accepted","Animalia","Cnidaria","Hydrozoa","Anthoathecata","Cladonematidae","Staurocladia","Staurocladia oahuensis"
"Halecium beanii",NA,NA,NA,NA,NA,157947,157947,"Halecium beanii","accepted","Animalia","Cnidaria","Hydrozoa","Leptothecata","Haleciidae","Halecium","Halecium beanii"
"Halopteris diaphana",NA,NA,NA,NA,NA,117632,117632,"Halopteris diaphana","accepted","Animalia","Cnidaria","Hydrozoa","Leptothecata","Halopterididae","Halopteris","Halopteris diaphana"
"Plumularia buskii",NA,NA,NA,NA,NA,843048,117633,"Halopteris glutinosa","unaccepted","Animalia","Cnidaria","Hydrozoa","Leptothecata","Plumulariidae","Plumularia","Halopteris glutinosa"
"Solanderia misakinensis",NA,NA,NA,NA,NA,288713,288713,"Solanderia misakinensis","accepted","Animalia","Cnidaria","Hydrozoa","Anthoathecata","Solanderiidae","Solanderia","Solanderia misakinensis"
"Abyla Huxleyi",NA,NA,NA,NA,NA,956849,135403,"Abylopsis tetragona","unaccepted","Animalia","Cnidaria","Hydrozoa","Siphonophorae","Abylidae","Abyla","Abylopsis tetragona"
"Physalia physalis",NA,NA,NA,NA,NA,135479,135479,"Physalia physalis","accepted","Animalia","Cnidaria","Hydrozoa","Siphonophorae","Physaliidae","Physalia","Physalia physalis"
"Atolla alexandri",NA,NA,NA,NA,NA,1387009,135282,"Atolla wyvillei","unaccepted","Animalia","Cnidaria","Scyphozoa","Coronatae","Atollidae","Atolla","Atolla wyvillei"
"Psammocora profundacella",NA,NA,NA,NA,NA,207271,207271,"Psammocora profundacella","accepted","Animalia","Cnidaria","Anthozoa","Scleractinia","Psammocoridae","Psammocora","Psammocora profundacella"
"Anisopsammia amphelioides",NA,NA,NA,NA,NA,1348810,135190,"Enallopsammia rostrata","junior subjective synonym","Animalia","Cnidaria","Anthozoa","Scleractinia","Dendrophylliidae","Anisopsammia","Enallopsammia rostrata"
